codigo_componente,nome_componente
DPR0111,DIREITO INDIVIDUAL DO TRABALHO
DPR0113,DIREITO FALIMENTAR
DPR0114,DIREITO COLETIVO DO TRABALHO
DPU0125,DIREITO INTERNACIONAL PUBLICO
DPU0026,DIREITO PENITENCIARIO
DPU0217,DIREITO DAS RELAÇÕES DE CONSUMO
DPU0128,MEDICINA LEGAL E CRIMINALISTA
DPU0205,DIREITO CONSTITUCIONAL II
HIS0035,HISTORIA DA ARTE BRASILEIRA
ECO0120,ECONOMIA POLITICA
PSI0986,PSICOLOGIA APLICADA AO DIREITO
TEX0160,EMPREENDEDORISMO SOCIAL
DPR0210,DIREITO EMPRESARIAL III
ADM0516,GESTAO AMBIENTAL
DPR0215,DIREITO DO TRABALHO I
DPR0206,DIREITO CIVIL VII
ADM0515,ANALISE E COMPOSICAO DE CARTEIRA DE INVESTIMENTO
ADM0539,TOPICOS ESPECIAIS VIII
DAT0137,HISTORIA DA ARTE NO BRASIL E NO RN
DPR0201,DIREITO CIVIL II
DPU0134,DIREITO AMBIENTAL E INDUSTRIA DO PETROLEO E GAS
DPR0125,RESPONSABILIDADE CIVIL E IND.DO PETROLEO E GAS
ADM0513,TREINAMENTO E DESENVOLVIMENTO
DPU0013,DIREITO TRIBUTARIO
DCS0120,INTRODUCAO A CIENCIA POLITICA
DPR0200,DIREITO CIVIL I
DPU0204,DIREITO CONSTITUCIONAL I
DPU0206,DIREITO PENAL I
DPU0209,DIREITO PENAL IV
DPR0101,DIREITO DO CONSUMIDOR
DPR0120,RESPONSABILIDADE CIVIL
DPU0228,"DIREITO DA CRIANÇA, DO ADOLESCENTE E DO IDOSO"
DPR0202,DIREITO CIVIL III
DPR0203,DIREITO CIVIL IV
DPR0204,DIREITO CIVIL V
DPR0205,DIREITO CIVIL VI
DPR0207,DIREITO CIVIL VIII
DPU0208,DIREITO PENAL III
DPR0209,DIREITO EMPRESARIAL II
DPR0208,DIREITO EMPRESARIAL I
DCS0345,SOCIOLOGIA DA SAUDE
DPU0120,DIREITO ECONOMICO
DPU0207,DIREITO PENAL II
ECO0099,ECONOMIA DO SETOR PÚBLICO
ADM0525,JOGOS DE EMPRESAS
LET0263,PRODUÇÃO DE TEXTO II
DPU0119,DIREITO DO MEIO AMBIENTE
DEQ0550,BIOCOMBUSTIVEL E BIOENERGIA: FUNDAMENTOS DE PRODUÇÃO  E APLICAÇÕES.
DPR0216,DIREITO DO TRABALHO II
DPR0217,DIREITO DO TRABALHO III
ECO0001,INTRODUCAO A ECONOMIA I
EDU0123,TECNICAS AUDIO-VISUAIS DE ENSINO
DPU0229,DIREITO ELEITORAL
DPU0036,DIREITO DA CRIANCA E DO ADOLESCENTE
ADM0517,ETICA NAS ORGANIZACOES
DPU0012,DIREITO FINANCEIRO E FINANCAS
DPR0016,DIREITO PREVIDENCIARIO
DPP0022,SISTEMAS DE GOVERNO
DPP0023,ORGANIZAÇÃO DO ESTADO BRASILEIRO
DPP0041,CULTURA POLÍTICA E ENGAJAMENTO CÍVICO
DPP0043,ORÇAMENTO E FINANCIAMENTO DO SETOR PÚBLICO BRASILEIRO
DPR0151,ASSISTÊNCIA JURÍDICA III
DPR0152,ASSISTÊNCIA JURÍDICA IV
DPR3303,AUDIÊNCIAS SIMULADAS
DPR3102,"AUTOCOMPOSIÇÃO DE CONFLITOS: NEGOCIAÇÃO, CONCILIAÇÃO E MEDIAÇÃO"
DPR3101,CARREIRAS JURÍDICAS
DPR3306,COMISSÕES DE CONCILIAÇÃO
DPR3304,JÚRI SIMULADO
DPR3305,ORGANIZAÇÃO E FUNCIONAMENTO DO PODER JUDICIÁRIO (VISITAS A FÓRUNS E SEÇÕES)
DPR3104,PEÇAS JURÍDICAS II (EXTRAJUDICIAIS)
DPR3103,PEÇAS JURÍDICAS I (JUDICIAIS)
DPR3207,PRÁTICA DE AÇÕES CONSTITUCIONAIS
DPR3212,PRÁTICA DE DIREITO ELEITORAL
DPR3214,PRÁTICA DE DIREITO IMOBILIÁRIO
DPR3210,PRÁTICA DE DIREITO INTERNACIONAL
DPR3211,PRÁTICA DE DIREITO PREVIDENCIÁRIO
DPR3208,PRÁTICA DE PROCEDIMENTOS CÍVEIS
DPR3215,PRÁTICA DE PROCESSO ADMINISTRATIVO
DPR3206,PRÁTICA DE RECURSOS
DPR3301,PRÁTICA JURÍDICA III - ATENDIMENTOS
DPR3202,PRÁTICA TRABALHISTA
DPR3201,PRÁTICA TRIBUTÁRIA (ADMINISTRATIVA E JUDICIAL)
DPU0216,DIREITOS HUMANOS FUNDAMENTAIS
DPP0024,ATORES POLÍTICOS E SOCIAIS
ECT1307,PRÁTICAS DE LEITURA E ESCRITA EM INGLÊS
CIN0001,METODOLOGIA DO TRABALHO CIENTIFICO
DPU0045,NOCOES DE DIREITO E LEGISLACAO TURISTICA
DPU0200,INTRODUÇÃO AO ESTUDO DO DIREITO
DPU0202,HERMENEUTICA JURIDICA E TEORIA DA ARGUMENTAÇÃO
DPU0201,HISTORIA DO DIREITO
DPU0027,INSTITUICOES DO DIREITO PUBLICO E PRIVADO
DPU0210,DIREITO PROCESSUAL CIVIL I
DPU0211,DIREITO PROCESSUAL CIVIL II
DPU0212,DIREITO PROCESSUAL CIVIL III
DPU0213,DIREITO PROCESSUAL CIVIL IV
DPU0126,DIREITO PROCESSUAL COLETIVO
DPU0203,SOCIOLOGIA JURIDICA
DPU0115,DIREITO PROCESSUAL DO TRABALHO
DPU0033,FILOSOFIA DO DIREITO
DPU0214,DIREITO PROCESSUAL PENAL I
DPU0215,DIREITO PROCESSUAL PENAL II
DPU0235,ETICA GERAL E PROFISSIONAL
DPU0038,TEORIA GERAL DO PROCESSO
COM0116,FOTOJORNALISMO
LET0475,LEITURA E PRODUÇÃO DE TEXTOS I
HIS0009,HISTORIA MODERNA I
HIS0011,HISTORIA CONTEMPORANEA I
DPU0037,DIREITO AMBIENTAL
DPU0135,LEGISLACAO AMBIENTAL
DPU0020,DIREITO ADMINISTRATIVO I
DPU0021,DIREITO ADMINISTRATIVO II
DPU0225,DIREITO ADMINISTRATIVO III
LET0048,LINGUA LATINA II
SSO0099,QUESTÃO AGRÁRIA E URBANA NO BRASIL
DCS0037,SOCIOLOGIA E ANTROPOLOGIA GERAL
DPP0044,GESTÃO MUNICIPAL E METROPOLITANA
DPP0025,GESTÃO PÚBLICA NO BRASIL CONTEMPORÂNEO
DPP0021,AGENDA CONTEMPORÂNEA II
FIL0605,HISTORIA DA FILOSOFIA I
DCS0325,SOCIOLOGIA RURAL I
DPU0137,NOÇÕES DE DIREITO ADMINISTRATIVO E TRIBUTÁRIO
LET0047,LINGUA LATINA I
LET0196,FUNDAMENTOS DA LITERATURA OCIDENTAL I
DEF0650,"ATIVIDADE FISICA, SAUDE E QUALIDADE DE VIDA"
DEF0651,"ATIVIDADE FISICA, LAZER E CULTURA"
MUS0408,MUSICA BRASILEIRA II
FIL0004,METODOLOGIA DA CIÊNCIA
FIL0008,FILOSOFIA APLICADA A SERVICO SOCIAL
FIL0001,FILOSOFIA I
MUS0409,MUSICA POPULAR BRASILEIRA I
COM0504,MÍDIA DIGITAL
CIN0039,METODOLOGIA DA PESQUISA II
DCS0005,CIENCIA POLITICA I
ECO1102,INTRODUÇÃO A MICROECONOMIA
CIN0038,METODOLOGIA DA PESQUISA I
DPR0122,DIREITO IMOBILIARIO
DEF0152,CULTURA POPULAR
PSI7084,PERSPECTIVAS ATUAIS DA PSICOLOGIA
PSI3049,TÓPICOS DE PSICOLOGIA COGNITIVA
DEH0019,HISTORIA DA ARTE I
DPU0030,LEGISLACAO TRIBUTARIA
DPU0130,DIR.TRIBUTARIO E INDUSTRIA DO PETROLEO E GAS
DCS0243,TEORIA POLITICA I
DPR0129,CONTRATO E INDUSTRIA DO PETROLEO E GAS NATURAL
DPR0035,DIREITO INTERNACIONAL PRIVADO
DPU0227,DIREITO FINANCEIRO E FINANÇAS
DPP0016,"TRANSFORMAÇÕES ECONÔMICAS, POLÍTICAS E SOCIAIS NO BRASIL"
ECT1560,FUNDAMENTOS EM DESENVOLVIMENTO SUSTENTÁVEL
EDE0200,LÍNGUA BRASILEIRA DE SINAIS - LIBRAS
DPP0013,ESTADO E SOCIEDADE
DPP0032,ESTADO DE DIREITO E CIDADANIA
DPP0033,SISTEMAS ELEITORAIS E PARTIDÁRIOS
DPP0034,PARTIDOS POLÍTICOS E ELEIÇÕES NO BRASIL
DPP0056,TÓPICOS ESPECIAIS VII
LEM4002,LEITURA E PRODUÇÃO ESCRITA EM LÍNGUA ESPANHOLA I
DPR3217,ANÁLISE DE CASOS CONCRETOS I
DPR3307,ANÁLISE DE CASOS CONCRETOS II
DPR3221,PRÁTICA DA EXECUÇÃO PENAL
DPR3225,PRÁTICA DA EXECUÇÃO TRABALHISTA
DPR3222,PRÁTICA DAS AÇÕES COLETIVAS
DPR3203,PRÁTICA DE AÇÕES JUDICIAIS CONTRA FAZENDA PÚBLICA
DPR3308,PRÁTICA DE ARBITRAGEM
DPR3223,PRÁTICA DE DIREITO ECONÔMICO
DPR3216,PRÁTICA DO TRIBUNAL DO JÚRI
DPR3302,PRÁTICAS SIMULADAS
ECT1103,INFORMÁTICA FUNDAMENTAL
LET0084,LEITURA E PRODUCAO DE TEXTOS I
DSC0017,A ESTRUTURAÇÃO DO SISTEMA DE SAÚDE
PSI3041,INTRODUÇÃO À NEUROPSICOLOGIA
DPR0023,ELEMENTOS DE DIREITO COMERCIAL
DPU0136,ETICA E DIREITO
LEM5001,LÍNGUA ALEMÃ I
COM0084,COMUNICACAO E ARTES VISUAIS
DPR0024,LEGISLACAO SOCIAL E TRABALHISTA
FPE0087,LÍNGUA BRASILEIRA DE SINAIS - LIBRAS
HIS0043,HISTORIA MEDIEVAL II
ADM0054,"PODER, POLÍTICA E GESTÃO"
PSI0282,ORIENTAÇÃO PROFISSIONAL E OCUPACIONAL
ART0218,PEDAGOGIA DO CORPO
DPR0019,DIREITO E LEGISLACAO SOCIAL
DET0171,MODA
DPP0012,AGENDA CONTEMPORÂNEA I
DPP0031,METODOLOGIA E TÉCNICAS DE PESQUISA
DGE0083,GEOGRAFIA CULTURAL
DGE0224,MEIO-AMBIENTE E DESENVOLVIMENTO
DPR3401,ATENDIMENTOS - ANDAMENTOS PROCESSUAIS
DPU0041,DIREITO ECONÔMICO
PEC0501,TECNOLOGIAS EDUCACIONAIS E ELABORAÇÃO DE MATERIAIS DIDÁTICOS
DEF0500,METODOLOGIA DO JOGO
MUS0410,MUSICA POPULAR BRASILEIRA II
LET0205,LINGUÍSTICA I
ARQ0510,INTRODUÇÃO À ARQUITETURA E AO URBANISMO
DET0118,TEMPOS E MOVIMENTOS EM PROCESSOS TÊXTEIS
ADM0074,TEORIA GERAL DAS ORGANIZAÇÕES
ADM0528,ALIANCAS ESTRATEGICAS INTERNACIONALIZACAO
DPU0133,LEGISLAÇÃO DA INDÚSTRIA DO PETRÓLEO E GÁS NATURAL
LEM4036,LÍNGUA ESPANHOLA I
DTU2002,ADMINISTRAÇÃO HOTELEIRA I
COM0328,LEGISLAÇÃO E ÉTICA DE PUBLICIDADE E PROPAGANDA
DPP0042,CULTURA ORGANIZACIONAL
DPP0061,"ATORES SOCIAIS, DEMOCRACIA E PARTICIPAÇÃO"
DPP0062,AS AGÊNCIAS MULTILATERAIS
DPR3226,DIREITO CONSTITUCIONAL APLICADO I
DAN0001,ANTROPOLOGIA I
DCS0346,TEORIA POLITICA II
LEM5006,CONVERSAÇÃO EM LÍNGUA ALEMÃ
LET0194,LINGUISTICA I
HIS0040,HISTORIA ANTIGA I
HIS0015,HISTORIA DO BRASIL COLONIA
GEO0042,ELEMENTOS DE GEOLOGIA
FIL0501,ETICA
FIL0510,FILOSOFIA SOCIAL E POLITICA
FIL0611,HISTORIA DA FILOSOFIA III
FIL0103,LOGICA
LET0419,LEITURA E PRODUÇÃO DE TEXTO ARGUMENTATIVO
DAT0142,PSICOLOGIA DAS ARTES
MUS0407,MUSICA BRASILEIRA I
LEM2020,INGLÊS PARA FINS ACADÊMICOS I
DAT0159,HISTÓRIA DA ARTE NO BRASIL
FIL0619,IDEIAS FILOSÓFICAS CONTEMPORÂNEAS
DEF0068,ADMINISTRACAO E LEGISLACAO DA ED. FISICA E DOS ESPORTES
MUS3031,INTRODUCAO A ETNOMUSICOLOGIA
DCS0029,SOCIOLOGIA I
QUI0311,QUIMICA BASICA
MAT0311,MATEMATICA PARA ENGENHARIA I
ADM0071,ORÇAMENTO PÚBLICO
DEQ0331,CIENCIAS DO AMBIENTE
CIV1105,ECOLOGIA APLICADA À ENGENHARIA AMBIENTAL
DPU0051,ELEMENTOS DO DIREITO TRIBUTARIO
DEH0029,HISTORIA DA CULTURA
DIM0103,INTRODUCAO A INFORMATICA
DPU0099,INTRODUÇÃO AO DIREITO ADMINISTRATIVO
DGN0135,TECNICAS DE APRESENTAÇÃO
MUS2307,HARMONIA FUNCIONAL
PSI0987,FUNDAMENTOS DO TRABALHO EM GRUPO
LEM1002,METODOLOGIA DE ENSINO DE PORTUGUÊS COMO LÍNGUA ESTRANGEIRA II
ICE1013,NEUROCINEMA
FPE0666,POLÍTICA DE EDUCAÇÃO POPULAR E DE ADULTOS
ICE1005,SINALIZAÇÃO NEURONAL
ADM0055,FILOSOFIA E ÉTICA NAS ORGANIZAÇÕES
ICE1026,BASES NEURAIS DA COMUNICAÇÃO HUMANA
DPR3218,PRÁTICA DA ADVOCACIA PÚBLICA
ADM0079,EMPREENDEDORISMO
DPR3205,PRÁTICA DE JUIZADOS ESPECIAIS
DPR3209,PRÁTICA DE PROCEDIMENTOS CRIMINAIS
DPR3227,PRÁTICA DO DIREITO CONSTITUCIONAL APLICADO II
DPR3224,PRÁTICA DO DIREITO INTERTEMPORAL
BEZ0079,ELEMENTOS DE AGROECOLOGIA
DPU0050,ELEMENTOS DE DIREITO CONSTITUCIONAL E ADMINISTRATIVO
DPU0052,ARBITRAGEM E MEDIAÇÃO
DPU0046,"DIREITO AMBIENTAL E INDÚSTRIA DO PETRÓLEO, GÁS NATURAL E BIOCOMBUSTÍVEIS"
DPU0042,"FUNDAMENTOS DE PETRÓLEO, GÁS NATURAL E BIOCOMBUSTÍVEIS"
HIS0019,HISTORIA DO RIO GRANDE DO NORTE I
HIS0014,HISTORIA DA AMERICA II
LET0354,LINGUISTICA I
LET0128,LINGUA GREGA I
MUS2401,HISTÓRIA DA MÚSICA
NUT0087,BIOÉTICA E CIDADANIA
FIL0520,FILOSOFIA DA CULTURA
FIL0530,ANTROPOLOGIA FILOSOFICA
ADM0523,EMPREENDEDORISMO E PLANO DE NEGÓCIOS
DCS0244,TEORIA SOCIOLOGICA I
DGN0105,TEORIA DOS SIGNOS
DGN0110,LEGISLAÇÃO E PROPRIEDADE INTELECTUAL
ADM0065,RESPONSABILIDADE SOCIOAMBIENTAL
DEF0062,CONSCIENCIA CORPORAL
DEF0073,"MÍDIA, TECNOLOGIA E EDUCAÇÃO FÍSICA"
ADM0067,NOVAS TECNOLOGIAS NA GESTÃO PÚBLICA
DEH0060,SEMINARIO DE HISTORIA DO BRASIL III
ADM0524,CONSULTORIA EMPRESARIAL
DAT0132,FOTOGRAFIA
DAN0136,INTRODUÇÃO À ANTROPOLOGIA
LET0076,CULTURA E LITERATURA BRASILEIRA I
LET0262,PRODUÇÃO DE TEXTO I
PSI7033,INTRODUÇÃO AOS PROCESSOS PSICOSSOCIOLÓGICOS E DE  INTERAÇÃO SOCIAL
PSI3085,TEMAS EM POLITICAS SOCIAIS A PRATICAS DO PSICOLOGO NOS AMBITOS DO SUS E SUAS
ARQ0258,ARTE NO EXTREMO ORIENTE
ICE1019,NEUROETOLOGIA
PEC0671,COMUNICAÇÃO VISUAL
FPE0690,TRABALHO DE PESQUISA I
ICE1025,NEUROCIÊNCIA BÁSICA NO PROCESSO DE APRENDIZAGEM
PSI7013,HISTORIA DA PSICOLOGIA I
MUS3001,APRECIACAO MUSICAL I
DBG0011,BIOLOGIA CELULAR E MOLECULAR
DPU0049,"RESPONSABILIDADE CIVIL E INDÚSTRIA DO PETRÓLEO, GÁS NATURAL E BIOCOMBUSTÍVEIS"
DPU0047,"DIREITO DO CONSUMIDOR E INDÚSTRIA DO PETRÓLEO, GÁS NATURAL E BIOCOMBUSTÍVEIS"
LET0445,LÍNGUA LATINA I
LET0406,LITERATURA AFRICANA EM LÍNGUA PORTUGUESA II
ECO0506,FUNDAMENTOS DE ECONOMIA POLITICA
DAT0129,CINEMA I
DAT0160,HISTÓRIA DA ARTE NO RN
DPP0063,GESTÃO PARTICIPATIVA
DGE0110,GEOGRAFIA ECONOMICA
FIL0935,TOPICOS ESPECIAIS DE FILOSOFIA CONTEMPORANEA I
FIL0965,TOPICOS ESPECIAIS DA FILOSOFIA POLITICA I
FIL0918,FILOSOFIA DA MENTE
LET0301,PRATICA DE LEITURA E PRODUCAO DE TEXTOS I
DCS0014,INTRODUCAO AS CIENCIAS SOCIAIS
LEM4041,EXPRESSÃO ORAL E COMPREENSÃO AUDITIVA EM LÍNGUA ESPANHOLA I
DEF0044,ORGANIZACAO DE EVENTOS EM EDUCACAO FISICA E ESPORTES
DBF0014,BIOFISICA GERAL
MOR0068,ANATOMIA HUMANA PARA O ENSINO DE CIENCIAS E BIOLOGIA
PSI0915,TOPICOS EM PSICOPATOLOGIA I
ECO2538,GESTÃO DE POLITICAS PUBLICAS II
DAN0103,ANTROPOLOGIA E O ESTUDO DA CULTURA
PSI7023,PSICOLOGIA COGNITIVA
DPU0231,DIREITO DAS ORGANIZAÇÕES INTERNACIONAIS
DPU0226,DIREITO TRIBUTÁRIO APLICADO
ADM0075,"ORGANIZAÇÃO, PROCESSOS E SISTEMAS"
PSI7021,COMPORTAMENTALISMO
PSI7025,PSICOLOGIA HUMANISTA-EXISTENCIAL
PSI7026,INTRODUCAO AO PARADIGMA SOCIAL
HIS0065,HISTÓRIA DO BRASIL CONTEMPORÂNEO
ICE1003,SEMINÁRIOS EM NEUROCIÊNCIA
COM0307,COMUNICAÇÃO E CULTURA
ICE1029,BASES NEURAIS DA LEITURA
DPP0051,TÓPICOS ESPECIAIS II
DPP0055,TÓPICOS ESPECIAIS VI
ICE1032,NEUROCIÊNCIA APLICADA AO DIREITO
DPR0037,DIREITO MARÍTIMO
DIM0448,QUALIDADE DE SOFTWARE
MCL0028.0,"MEDICINA, SAÚDE E ESPIRITUALIDADE - TEÓRICA"
DPR3220,PRÁTICA DAS AUDIÊNCIAS NO PROCESSO CIVIL
BEZ0047,SOCIEDADE E DESENVOLVIMENTO
ART0217,CONSCIENTIZACAO CORPORAL
ART0219,TECNICA E ESTETICA DA DANCA
ART0228,MUSICA NA CENA I
DPU0054,"INTRODUÇÃO À INDÚSTRIA DO PETRÓLEO, GÁS NATURAL E BIOCOMBUSTÍVEIS"
DPU0044,"LEGISLAÇÃO DA INDÚSTRIA DO PETRÓLEO, GÁS NATURAL E BIOCOMBUSTÍVEIS"
DPU0053,"DIREITO TRIBUTÁRIO E INDÚSTRIA DO PETRÓLEO, GÁS NATURAL E BIOCOMBUSTÍVEIS"
DPU0048,"CONTRATOS E INDÚSTRIA DO PETRÓLEO, GÁS NATURAL E BIOCOMBUSTÍVEIS"
DAT0156,TÓPICOS EM ARTE CONTEMPORANEA
FPE5007,FUNDAMENTOS HISTÓRICO-FILOSÓFICOS DA EDUCAÇÃO II
HIS0044,HISTORIA DA ÁFRICA
HIS0010,HISTORIA MODERNA II
HIS0016,HISTORIA DO BRASIL IMPERIO
ADM0061,GESTÃO DE EMPREENDIMENTOS NÃO- GOVERNAMENTAIS
LET0485,ENSINO DE LITERATURA BRASILEIRA
DCS0322,SOCIOLOGIA DO TRABALHO
PSI7024,PSICANALISE
DPR0036,DIREITO INTERNACIONAL DOS DIREITOS HUMANOS
COM0107,COMUNICAÇÃO E RELAÇÕES DE GÊNERO
MUS1205,CANTO CORAL I
DEF0049,METODOLOGIA DO JUDO
COM0319,FOTOGRAFIA PUBLICITÁRIA
DEQ0532,GESTÃO TECNOLÓGICA E ECONÔMICA
HIS0033,HISTORIA DAS IDEIAS POLITICAS E SOCIAIS
DEH0055,SEMINARIO DE HISTORIA MODERNA E CONTEMPORANEA II
ADM0083,SEMINÁRIO TEMÁTICO
LET0053,LINGUISTICA ROMANICA
FPE0500,FUNDAMENTOS PSICOSSOCIAIS DA APRENDIZAGEM
ICE1012,HISTÓRIA DA NEUROCIÊNCIA
ICE1021,EVOLUÇÃO DO SISTEMA NERVOSO
ICE1023,TÉCNICAS EXPERIMENTAIS EM NEUROCIÊNCIAS
DEF0040,TECNICAS DE DANCA
CON3303,ETICA GERAL E PROFISSIONAL
ECT1112,ÁLGEBRA VETORIAL
MCL0006,HISTÓRIA DA MEDICINA
COM0160,SOCIOLOGIA DA COMUNICACAO
DPR0131,NOÇÕES DE DIREITO CIVIL E COMERCIAL
HIS0017,HISTORIA DO BRASIL REPUBLICA I
LET0195,TEORIA DA LITERATURA I
SSO0079,SEMINARIO TEMATICO SOBRE POBREZA E EXCLUSAO SOCIAL
LET0400,LITERATURA AFRICANA EM LÍNGUA PORTUGUESA I
LET0049,LINGUA LATINA III
FIL0701,ESTETICA FILOSOFICA
FIL0940,TOPICOS ESPECIAIS DA FILOSOFIA MODERNA I
SSO0082,SEMINARIO TEMATICO SOBRE GENERO
COM0105,COMUNICAÇÃO E MARKETING
DCS0121,INTRODUÇÃO A SOCIOLOGIA
DDA0011,GERENCIAMENTO DE BANCO DE DADOS
MCL0026.0,INTRODUÇÃO A MEDICINA E BIOÉTICA - TEÓRICA
MCL0026.1,INTRODUÇÃO A MEDICINA E BIOÉTICA - PRÁTICA
COM0096,CINEMATOGRAFIA
HIS0021,PALEOGRAFIA
COM0921,TOPICOS ESPECIAIS EM TV
DFS0209,EVOLUCAO DO COMPORTAMENTO HUMANO
DEH0064,FORMACAO HISTORICA DO RIO GRANDE DO NORTE
LET0077,CULTURA E LITERATURA BRASILEIRA II
DGN0200,PROJETO DE PRODUTO I
DPU0230,DIREITO URBANÍSTICO
PSI0095,PSICOLOGIA E PROCESSOS PSICOSSOMÁTICOS
DGN0131,USO DA COR NO DESIGN
MUS5007,NEUROBIOLOGIA DA MUSICA
PSI7048,PROCESSOS PSICOSSOCIOLOGICOS NAS ORGANIZAÇÕES
DPP0054,TÓPICOS ESPECIAIS V
DPR3213,PRÁTICA DE PROCESSO ELETRÔNICO
DPP0038,TÓPICOS ESPECIAIS IX
ICE1034,BASES NEUROFISIOLÓGICAS DA MEDITAÇÃO E YOGA
PSI0602,INTRODUCAO A PSICANALISE
DGE0165,GESTÃO DO TERRITÓRIO
FPE0680,FUNDAMENTOS SÓCIO-FILOSÓFICOS DA EDUCAÇÃO
DPU0232,CRIMINOLOGIA
COM0060,LEGISLACAO JORNALISTICA
COM0106,COMUNICACAO POLITICA
PEC0683,DIDÁTICA
CON0002,CONTABILIDADE APLICADA A ADMINISTRACAO
PEC5026,EDUCAÇÃO DE JOVENS E ADULTOS
DAT0113,HISTORIA DAS ARTES II
ADM0073,ESTUDOS ORGANIZACIONAIS CONTEMPORANEOS
HIS0012,HISTORIA CONTEMPORANEA II
ADM0062,GESTÃO DE EMPREENDIMENTOS ECONÔMICO-SOLIDÁRIOS
SSO0097,CLASSES E MOVIMENTOS SOCIAIS
DAT0157,DESENHO II
DPP0011,ANÁLISE E REPRESENTAÇÃO DE DADOS E INFORMAÇÕES
FIL0996,HISTORIA DA CULTURA GREGA
FIL0303,METAFISICA
DCS0330,TOPICOS TEORICOS DE SOCIOLOGIA II
DSC0022,FINANCIAMENTO E ORÇAMENTO NA SAÚDE
DAT0106,REPRESENTACAO GRAFICA
PSI0981,PSICOLOGIA SOCIAL E COMUNICAÇÃO
DGN0100,INTRODUÇÃO AO ESTUDO DO DESIGN
DAT0155,PRODUÇÃO TRIDIMENSIONAL II
DEF0033,METODOLOGIA DAS LUTAS
PSI3080,PSICOLOGIA TRANSPESSOAL II
ARQ0512,DESENHO ARTISTICO 01
ARQ0525,FUNDAMENTOS SOCIAIS DA ARQUITETURA E URBANISMO
DPR0121,DIREITO NOTARIAL
DPR0032,DIREITO E LEGISLACAO ESPORTIVA
LEM3031,FRANCÊS PARA FINS ACADÊMICOS I
PSI7057,INFÂNCIA E ADOLESCÊNCIA NO CONTEXO SÓCIO-COMUNITÁRIO
DPR0034,DIREITO AGRÁRIO
PSI0926,PSICOLOGIA TRANSPESSOAL I
DAT0146,DESENHO I
DPR0033,DIREITO DA SEGURIDADE SOCIAL
DTU2010,COZINHAS REGIONAIS E SERVIÇOS DE MESA
ADM0541,GESTAO DE PESSOAS I
MOR0076,FUNDAMENTOS DE BIOÉTICA E TANATOLOGIA PARA ESTUDANTES DA ÁREA DA SAÚDE
DPP0045,TÓPICOS ESPECIAIS I
ART0182,CORPO E MOVIMENTO
CON3116,EDUCAÇÃO FISCAL
DPR3204,PRÁTICA DE FAMÍLIA E SUCESSÕES
DPR3219,PRÁTICA DE PROCEDIMENTOS RELACIONADOS À VIOLÊNCIA DOMÉSTICA
CON4101,CONTABILIDADE BÁSICA I
DPR0039,ELEMENTOS DE DIREITO EMPRESARIAL
CON4709,EMPREENDEDORISMO PARA CONTADORES
HIS0052,"HISTÓRIA, CINEMA E AUDIOVISUAL"
DDA0101,FUNDAMENTOS DE ESTATÍSTICA PARA CIÊNCIAS ATUARIAIS
PSI3086,INTERVENÇÃO PSICOSSOCIAL
LET0001,LINGUA PORTUGUESA I
LEM2001,OFICINA DE EXPRESSÃO ORAL EM LÍNGUA INGLESA I
IMD0020,TECNOLOGIA DA INFORMAÇÃO E SOCIEDADE
LEM3001,LÍNGUA FRANCESA I - BÁSICO I
HIS0006,PRE-HISTORIA
COM0130,LEGISLACAO NO RADIALISMO
ART0145,EXPRESSÃO CORPORAL I
ART0153,EXPRESSÃO VOCAL I
FIL0987,TOPICOS ESPECIAIS DE FILOSOFIA DA LINGUAGEM III
FIL0930,TOPICOS ESPECIAIS DE ETICA I
FIL0954,TOPICOS ESPECIAIS DA FILOSOFIA ANTIGA V
DAT0109,PINTURA I
HIS0093,OS EXCLUÍDOS DA HISTÓRIA DO BRASIL REPUBLICANO
MAT0319,ALGEBRA LINEAR BASICA I
ECT2105,PRÁTICAS DE LEITURA E ESCRITA I
LEM3032,FRANCÊS PARA FINS ACADÊMICOS II
DPU0233,EXECUÇÃO PENAL
FPE5061,HISTÓRIA DAS RELAÇÕES DE GÊNERO E EDUCAÇÃO
PSI7029,HISTORIA DA PSICOLOGIA II
DPU0043,O DIREITO NA ECONOMIA GLOBALIZADA
ART0235,TECNICAS DE DANÇA I
EST0220,ESTATISTICA APLICADA A ADMINISTRACAO I
ADM0057,MARKETING I
ARQ0255,GESTAO MUNICIPAL E LEGISLACAO URBANISTICA
HIS0051,HISTÓRIA DO ENSINO DE HISTÓRIA
HIS0058,"HISTÓRIA, GÊNERO E SEXUALIDADE"
HIS0075,O MUNDO MEDITERRÂNICO NA ANTIGUIDADE E NO MEDIEVO
MCL0046,"MEDICINA, SAÚDE E ESPIRITUALIDADE"
DPR3309,PRÁTICA JURÍDICA FORENSE
LEM5002,LÍNGUA ALEMÃ II
ADM0068,ADMINISTRAÇÃO DE MATERIAIS E PATRIMÔNIO
ART0150,EXPRESSÃO CORPORAL II
ART0154,EXPRESSÃO VOCAL II
DCS0050,EPISTEMOLOGIA DAS CIÊNCIAS SOCIAIS
DPP0035,GESTÃO E INSTITUIÇÕES SOCIAIS
FIL0988,TOPICOS ESPECIAIS DE FILOSOFIA DA LINGUAGEM IV
LET0078,LITERATURA PORTUGUESA I
DEF0054,METODOLOGIA DO ATLETISMO
DEF0055,METODOLOGIA DA IOGA
ECT2305,PRÁTICA DE LEITURA EM INGLÊS
CIV0348,LEGISLACAO E SEGURANCA DO TRABALHO
DEF0071,METODOLOGIA DA NATACAO
MAT0318,CALCULO BASICO I
PSI7031,INTRODUÇÃO À PSICOPATOLOGIA
DPU0122,DIREITO PENAL V
ARQ0276,ARTE NA AMERICA PRE-COLOMBINA
COM0327,RADIODIFUSÃO NO BRASIL
HIS0095,HISTÓRIA DA POLÍTICA EXTERIOR DO BRASIL REPUBLICANO
DAN0024,"DIREITOS HUMANOS, DIVERSIDADE CULTURAL E RELAÇÕES ÉTNICO-RACIAIS"
DAN0026,ANTROPOLOGIA DO DIREITO
DEF0072,"LAZER, ANIMACAO E DESENVOLVIMENTO HUMANO"
COM0039,SEMIOTICA E ESTET.COMUNICACAO
FIS0601,INTRODUCAO A MECANICA
HIS0032,HISTORIA DA CULTURA
HIS0037,HISTORIA INDIGENA NO BRASIL
DTU1523,MARKETING TURÍSTICO
PAT0400,MEDICINA LEGAL
MUS3011,APRECIAÇÃO MUSICAL
DGN0106,TEORIA DAS MÍDIAS
DGN0104,METODOLOGIA DE PROJETO
DFS0203,COMPORTAMENTO ANIMAL
PSI7044,OS LUGARES DA CLÍNICA PSICOLÓGICA
PSI3056,PSICOLOGIA DAS EMERGÊNCIAS E DO DESASTRE
PSI3065,TÓPICOS EM PSICOLOGIA E EDUCAÇÃO III
DAN0022,ANTROPOLOGIA E O ESTUDO DAS RELAÇÕES ÉTNICO-RACIAIS
DDP0213,DIREITO PROCESSUAL CIVIL IV
DDP0127,SOCIOLOGIA JURÍDICA
DDP0214,DIREITO PROCESSUAL PENAL I
DDP0233,EXECUÇÃO PENAL
DDP0054,"INTRODUÇÃO À INDÚSTRIA DO PETRÓLEO, GÁS NATURAL E BIOCOMBUSTÍVEIS"
DDP0044,"LEGISLAÇÃO DA INDÚSTRIA DO PETRÓLEO, GÁS NATURAL E BIOCOMBUSTÍVEIS"
DDP0232,CRIMINOLOGIA
DDP0202,HERMENÊUTICA JURÍDICA E TEORIA DA ARGUMENTAÇÃO
DDP0210,DIREITO PROCESSUAL CIVIL I
DDP0211,DIREITO PROCESSUAL CIVIL II
DDP0212,DIREITO PROCESSUAL CIVIL III
DDP0126,DIREITO PROCESSUAL COLETIVO
DDP0116,FILOSOFIA DO DIREITO
DDP0136,ÉTICA E DIREITO
DDP0201,HISTÓRIA DO DIREITO
DDP0203,TEORIA GERAL DO PROCESSO
DDP0115,DIREITO PROCESSUAL DO TRABALHO
DDP0235,ÉTICA GERAL E PROFISSIONAL
LEM5004,ALEMÃO PARA FINS ACADÊMICOS I
ADM0518,SISTEMAS DE GESTAO DA QUALIDADE
DDP0215,DIREITO PROCESSUAL PENAL II
ART0173,CANTO PARA O ATOR I
DAT0130,CINEMA II
FIL0924,FILOSOFIA DA HISTORIA
FIL0967,TOPICOS ESPECIAIS DA FILOSOFIA POLITICA III
DDP0200,INTRODUÇÃO AO ESTUDO DO DIREITO
DDP0027,INSTITUICOES DO DIREITO PUBLICO E PRIVADO
ENF5005,ÉTICA E BIOÉTICA
DBG0002,BIOLOGIA CELULAR
DPR0038,DIREITO E LEGISLAÇÃO TRABALHISTA
HIS0080,HISTÓRIA SOCIAL DA FAMÍLIA NO BRASIL
DDP0046,"DIREITO AMBIENTAL E INDÚSTRIA DO PETRÓLEO, GÁS NATURAL E BIOCOMBUSTÍVEIS"
DDP0047,"DIREITO DO CONSUMIDOR E INDÚSTRIA DO PETRÓLEO, GÁS NATURAL E BIOCOMBUSTÍVEIS"
LEM2032,TÓPICOS AVANÇADOS EM LITERATURA DA LÍNGUA INGLESA I
EEN1017,EPIDEMIOLOGIA E VIGILÂNCIA EM SAÚDE
SSO0061,CAPITALISMO E QUESTAO SOCIAL
DPP0027,ATELIÊ DE GESTÃO DE POLÍTICAS PÚBLICAS II
FIL0914,TEORIA FILOSOFICA DO DIREITO I
DCS0041,SEMINARIO TEMATICO DE POLITICA I
DEB0705,ELETRÔNICA ANALÓGICA
LEM2016,FORMAS DRAMÁTICAS DA LÍNGUA INGLESA I
DCS0601,POLITICAS E PLANEJAMENTO NA SOCIEDADE CONTEMPORANEA
ART0181,TEATRO E CULTURA BRASILEIRA
QUI0250,QUIMICA ORGANICA BIOLOGICA BASICA
DPP0039,TÓPICOS ESPECIAIS X
DDA0008,LEGISLAÇÃO DE SEGURO E PREVIDÊNCIA
HIS0076,A IGREJA NA IDADE MÉDIA
HIS0079,CRÔNICAS DA CONQUISTA AMERICANA
ECL0036,EDUCAÇÃO AMBIENTAL
DAN0027,ANTROPOLOGIA DO CORPO
DDP0052,ARBITRAGEM E MEDIAÇÃO
DDP0048,"CONTRATOS E INDÚSTRIA DO PETRÓLEO, GÁS NATURAL E BIOCOMBUSTÍVEIS"
DDA0009,DINÂMICA DEMOGRÁFICA E POLÍTICAS SOCIAIS
DBQ0105,"MÓDULO CELULAR, MOLECULAR E MACROMOLECULAR"
DBF0042,ÉTICA E COMPROMISSO SOCIAL
DDP0006,TEORIAS DA JUSTIÇA
LEM7001,LÍNGUA INGLESA I (RI)
LEM5003,LÍNGUA ALEMÃ III
HIS0018,HISTORIA DO BRASIL REPUBLICA II
DPR0042,DIREITO AUTORAL E DA PROPRIEDADE INDUSTRIAL
LET0355,LINGUISTICA II
NUT0106,ASPECTOS SOCIO-ANTROPOLOGICOS DA ALIMENTAÇAO HUMANA
DGE0124,GEOGRAFIA DO RIO GRANDE DO NORTE
FIL0953,TOPICOS ESPECIAIS DA FILOSOFIA ANTIGA IV
FIL0015,FILOSOFIA E ARTE I
DMP0040,IMUNOLOGIA PARA NUTRIÇÃO
PRO0331,MATEMATICA FINANCEIRA
NUT0014,PROCESSOS DE TRABALHO EM NUTRIÇÃO I
LET0066,LITERATURA BRASILEIRA II
COM0167,FOTOGRAFIA
ART0201,JOGO E CENA II
ART0185,ATELIÊ DE DRAMATURGIA
ADM0078,LOGÍSTICA EMPRESARIAL
HIS0030,MUSEOLOGIA
HIS0039,HISTORIA URBANA
ADM0001,INTRODUCAO A ADMINISTRACAO
PSI7551,PISCOLOGIA DA INFANCIA E DA ADOLESCÊNCIA
ART0236,TECNICAS DE DANÇA II
LET0487,LÍNGUA BRASILEIRA DE SINAIS I
PSI7037,INTRODUÇÃO AO DESENVOLVIMENTO HUMANO
ENF0049,PRIMEIROS SOCORROS
DDP0049,"RESPONSABILIDADE CIVIL E INDÚSTRIA DO PETRÓLEO, GÁS NATURAL E BIOCOMBUSTÍVEIS"
DDP0053,"DIREITO TRIBUTÁRIO E INDÚSTRIA DO PETRÓLEO, GÁS NATURAL E BIOCOMBUSTÍVEIS"
ECT2512,FUNDAMENTOS DE PROPRIEDADE INTELECTUAL E TRANSFERÊNCIA DE TECNOLOGIA
LEM5007,LÍNGUA ALEMÃ IV
DPR0052,DIREITO EMPRESARIAL PARA ADMINISTRAÇÃO
DPR0053,DIREITO DO TRABALHO E DA SEGURIDADE SOCIAL PARA ADMINISTRAÇÃO
DDP0111,DIREITO E TECNOLOGIA DA INFORMAÇÃO
PSI0136,"PSICOLOGIA, GÊNERO E SEXUALIDADE"
IMD0018,PRÁTICAS DE LEITURA EM INGLÊS
DDP0114,INTRODUÇÃO AO DIREITO ALEMÃO
CON3101,CONTABILIDADE BASICA I
FPE5005,SEMINÁRIO DE PESQUISA I
LEM7002,LÍNGUA INGLESA II (RI)
LET0356,LINGUISTICA III
DGE0109,GEOGRAFIA DA POPULACAO
PSI0001,PSICOLOGIA I - GERAL
DEF0058,"LAZER, EDUCACAO E DESENVOLVIMENTO HUMANO"
COM0066,COMUNICAÇÃO PÚBLICA
ECO1101,INTRODUÇÃO A MACROECONOMIA
ART0208,ATUACAO II
COM0313,PUBLICIDADE ON-LINE
LET0568,LÍNGUA BRASILEIRA DE SINAIS - LIBRAS
DAT0101,EXPRESSAO VISUAL I
DGN0107,HISTÓRIA DO DESIGN E DA ARQUITETURA
DDA0002,INTRODUÇÃO AO SEGURO E PREVIDÊNCIA
ADM0533,TOPICOS ESPECIAIS II
LEM2018,FORMAS NARRATIVAS LONGAS DE LÍNGUA INGLESA II
PSI3032,TÓPICOS EM PSICOLOGIA E SAÚDE III
DDP0130,FUNDAMENTOS SOBRE PETRÓLEO E GÁS
ADM0422,MATEMATICA FINANCEIRA
DPR0043,DIREITO DIGITAL
DPP0097,METODOLOGIA E TÉCNICAS DE PESQUISA
DPP0102,SOCIEDADE E POLÍTICAS PÚBLICAS
DDP0010,DIREITO PRIVADO ALEMÃO
DDP0012,TEORIA DA RAZÃO PÚBLICA
COM0285,"DIREITOS HUMANOS, DIVERSIDADE CULTURAL E RELAÇÕES ÉTNICO-RACIAIS"
DPP0109,ÉTICA NA GESTÃO DE POLÍTICAS PÚBLICAS
ART0152,EXPRESSÃO CORPORAL IV
LEM2021,INGLÊS PARA FINS ACADÊMICOS II
FIL0212,TEORIA DO CONHECIMENTO
DCS0227,TOPICOS TEORICOS DE POLITICA I
IMD1003,GEOMETRIA EUCLIDIANA
IMD1002,ANÁLISE COMBINATÓRIA
COM0219,PROGRAMAÇÃO PARA MÍDIAS INTERATIVAS
DSC0098,"ESTADO, POLÍTICAS PÚBLICAS E SISTEMAS DE SAÚDE"
ART0207,ATUACAO I
ECO1108,ECONOMIA CLASSICA
DAT0114,HISTORIA DAS ARTES III
DCS0047,SEMINARIO TEMATICO DE SOCIOLOGIA III
LEM4038,ESPANHOL PARA FINS ACADÊMICOS I
LET0082,TOPICOS DE LITERATURA PORTUGUESA II
ICE1033,COMUNICAÇÃO CIENTÍFICA
DFS0219,ESTUDOS AVANÇADOS EM COMPORTAMENTO ANIMAL
MAT1502,FUNDAMENTOS DE GEOMETRIA I
COM0245,LINGUAGEM AUDIOVISUAL
LET0580,CLÁSSICOS DA LITERATURA GRECO-LATINA
DPP0093,GESTÃO PARTICIPATIVA
DPP0095,GOVERNO E POLÍTICAS PÚBLICAS COMPARADAS
DPP0089,"ESTADO, GOVERNO E SOCIEDADE CIVIL"
DDP0011,DIREITO PÚBLICO ALEMÃO
DDP0013,CRIMINOLOGIA E JUSTIÇA RESTAURATIVA
DPU0062,DIREITO CONSTITUCIONAL IV
SSO0071,"ETICA, DIREITOS HUMANOS E QUALIDADE DE VIDA"
PEC2000,DIDÁTICA
FIL0023,LABORATÓRIO DE LÓGICA E TEORIA DO CONHECIMENTO
LET0065,LITERATURA BRASILEIRA I
COM0197,TRILHA SONORA
DAT0143,REDACAO CRIATIVA
DEF0600,ATIVIDADES RITMICAS E EXPRESSIVAS
DGE0085,GEOGRAFIA DO NORDESTE
MGO0009,COMPETENCIA CULTURAL NA ATENÇÃO A SAUDE DA MULHER QUILOMBOLA
DPP0086,DEMOCRACIA E PARTICIPAÇÃO NA GESTÃO PÚBLICA
DPP0094,GOVERNANÇA E INSTRUMENTOS DE GESTÃO PÚBLICA
DPP0096,INTRODUÇÃO ÀS POLÍTICAS PÚBLICAS
ART0118,A MÁSCARA COMO PEDAGOGIA DO CORPO
APS1003,"PODER, POLÍTICA E GESTÃO"
APS1004,RESPONSABILIDADE SOCIOAMBIENTAL
APS1007,GESTÃO DE ORGANIZAÇÕES DA SOCIEDADE CIVIL
LET0570,TEORIA DA NARRATIVA
ISH0029,SOCIOLOGIA E ANTROPOLOGIA GERAL
LET0586,INTRODUÇÃO AO LATIM
FPE5025,SEMINÁRIO DE PESQUISA III
FIL0905,TOP.ESP.DA FILOSOFIA DA CULTURA I
FIL0016,FILOSOFIA E ARTE II
DEF0038,METODOLOGIAS RECREATIVAS
DGN0305,PROGRAMAÇÃO VISUAL E MÍDIAS INFORMÁTICAS II
COM0164,ÉTICA E LEGISLAÇÃO DO AUDIOVISUAL
MUS0091,PERCEPÇÃO MUSICAL I
ECT2532,PRÁTICAS DE LEITURA E ESCRITA DE GÊNEROS ACADÊMICOS EM INGLÊS
ECT2306,MEIO AMBIENTE E DESENVOLVIMENTO URBANO
ECT2206,"GESTÃO E ECONOMIA DA CIÊNCIA, TECNOLOGIA E INOVAÇÃO"
ECO2554,ECONOMIA DO MEIO AMBIENTE
DPP0092,GESTÃO PÚBLICA NO BRASIL CONTEMPORÂNEO
DPP0103,TÓPICOS ESPECIAIS I
DDA0309,DEMOGRAFIA E POLÍTICAS PÚBLICAS
DSC0143,ESPAÇO INTEGRATIVO I
CCA0103,QUÍMICA GERAL
FIL0994,TOPICOS ESPECIAIS DE TEORIA DO CONHECIMENTO V
DCS0230,ESTADO E POLITICAS PUBLICAS
DPP0091,GESTÃO MUNICIPAL E METROPOLITANA
FIL6605,HISTÓRIA DA FILOSOFIA I
FIL6967,TOPICOS ESPECIAIS DA FILOSOFIA POLITICA III
CON4302,METODOLOGIA DA PESQUISA EM CONTABILIDADE
LET0569,TEORIA DO POEMA
LEM4019,LITERATURA HISPÂNICA DE EXPRESSÃO FEMININA
MUS7077,INTRODUÇÃO À MÚSICA E TECNOLOGIA
MUS7005,FUNDAMENTOS DA EDUCAÇÃO MUSICAL
MAT1504,TUTORIA I
DGE0053,INTRODUCAO A GEOGRAFIA
ARQ0271,ASSISTÊNCIA TÉCNICA A HABITAÇÃO DE INTERESSE SOCIAL
ISH0003,INTERNET E MUNDIALIZAÇÃO DA CULTURA
LET0446,LITERATURA BRASILEIRA III
LET0782,LEITURA E PRODUÇÃO DE TEXTOS
MUS3501,INTRODUÇÃO À METODOLOGIA CIENTÍFICA
LEM3062,"TÓPICOS ESPECIAIS EM LÍNGUA, LITERATURA E CULTURA FRANCESA"
LET0578,LEITURA E PRODUÇÃO DE TEXTO ACADÊMICO I
DCS0043,SEMINARIO TEMATICO DE POLITICA III
FIS0750,ASTRONOMIA
COM0314,PUBLICIDADE E CIDADANIA
ECL0013,ECONOMIA ECOLOGICA
LEM2013,ASPECTOS SEMÂNTICOS DA LÍNGUA INGLESA
DDP0014,DIREITO E LITERATURA
ISH0007,ANÁLISES E AVALIAÇÃO DE POLÍTICAS PÚBLICAS
LEM2002,OFICINA DE LEITURA E PRODUÇÃO ESCRITA EM LÍNGUA INGLESA I
ISH0015,SEMINÁRIO TEMÁTICO
DPR0058,SEMINÁRIO DE FORMAÇÃO DO PESQUISADOR
ADM0134,OFICINA DE PROJETO I
ENF6002,ATIVIDADE INTERATIVA INTERDISCIPLINAR III: EPIDEMIOLOGIA E SAÚDE AMBIENTAL
LET0598,LITERATURA PORTUGUESA: ERAS MEDIEVAL E CLÁSSICA
DGE0059,CARTOGRAFIA GERAL
ESU1006,METODOLOGIA DA PESQUISA I
FON0041,INTRODUÇÃO À FONOAUDIOLOGIA
LEM2017,LINGUÍSTICA APLICADA E ENSINO DE LÍNGUA INGLESA I
CIV0401,INTRODUÇÃO À ENGENHARIA CIVIL
DGE0204,FORMACAO ECONOMICA E TERRITORIAL DO BRASIL
MDM0052,ATENÇÃO À SAÚDE DA POPULAÇÃO LGBT
DGE0069,GEOGRAFIA POLITICA
DOL0057,EXTENSAO COMUNITARIA E EDUCACAO AMBIENTAL
COM0134,METODOLOGIA DO TRABALHO CIENTIFICO
MUS0031,FISIOLOGIA DA VOZ
MDM0078,"USO, ABUSO E DEPENDÊNCIA DE SUBSTÂNCIAS: TERAPÊUTICA E REDUÇÃO DE DANOS"
LEM2041,FORMAS NARRATIVAS LONGAS DE LÍNGUA INGLESA I
DPP0076,TÓPICOS ESPECIAIS XVI
LEM2049,LITERATURA AFRO-AMERICANA
DGN0140,DESIGN SUSTENTAVEL
DEH0049,SEMINARIO DE HISTORIA DA AMERICA LATINA I
ADM0510,MERCADO FINANCEIRO
BEZ0061,BOTÂNICA APLICADA AO PAISAGISMO
COM0001,TEORIA DA COMUNICACAO I
DAN0306,ANTROPOLOGIA DO CORPO E DA SAÚDE
MAT1521,TÓPICOS DE HISTÓRIA DA MATEMÁTICA
HIS0048,"CULTURA VISUAL, HISTÓRIA E IMAGEM"
HIS0090,O SISTEMA ESCRAVISTA NO SÉCULO XIX
COM0601,CULTURA BRASILEIRA
DBG0052,BIOLOGIA CELULAR PARA ECOLOGIA
COM0230,"COMUNICAÇÃO, DIREITOS HUMANOS E POLÍTICAS PÚBLICAS"
COM0303,LINGUAGEM PUBLICITARIA
LET0649,GREGO CLÁSSICO I
SSO0048,DIREITOS HUMANOS E DIVERSIDADE HUMANA
LET0575,FUNDAMENTOS DOS ESTUDOS LINGUÍSTICOS
DPP0104,TÓPICOS ESPECIAIS II
LEM4050,ESTUDOS DE LÍNGUA ESPANHOLA I
LEM3036,LÍNGUA FRANCESA I INTRODUÇÃO AO ESTUDO DE LÍNGUA FRANCESA
SSO0137,CLASSES E MOVIMENTOS SOCIAIS
ART0124,CENOTEC VII - INTRODUÇÃO AO TEATRO DAS FORMAS ANIMADAS
DPU0061,DIREITO CONSTITUCIONAL III
CCA0403,LÍNGUA ESPANHOLA 1
APS1005,GESTÃO DE EMPREENDIMENTOS ECONÔMICOS SOLIDÁRIOS
FIL6036,MULHERES E FILOSOFIA
NUT1019,ASPECTOS SOCIOANTROPOLÓGICOS DA ALIMENTAÇÃO
FIL0986,TOPICOS ESPECIAIS DE FILOSOFIA DA LINGUAGEM II
FIL0029,TEORIAS DA DEMOCRACIA
DEF0039,"TOPICOS ESPECIAIS EM EDUCACAO FISICA, ESPORTES E LAZER"
LET0615,LITERATURA BRASILEIRA: DAS ORIGENS AO ROMANTISMO
CON0127,CONTABILIDADE E ANALISE DE BALANCO
DEH0010,HISTORIA ECONOMICA GERAL
ECT2103,CÁLCULO I
DPR0015,DIREITO INTERNACIONAL PRIVADO
ADM0542,GESTAO DE PESSOAS II
DAN0134,CULTURA BRASILEIRA
CON4102,CONTABILIDADE BÁSICA II
ICE1036,NEUROCIÊNCIA COGNITIVA
IMD0504,"RELAÇÕES ENTRE COMUNICAÇÃO, MÍDIA E EDUCAÇÃO"
MGO0915,SAUDE REPRODUTIVA
LET0623,TÓPICOS EM NARRATIVA BRASILEIRA
SSO0119,"FEMINISMO, GÊNERO E PATRIARCADO"
LET0587,LEITURA E PRODUÇÃO DE TEXTO ARGUMENTATIVO
DPP0087,DESENVOLVIMENTO E POLÍTICAS PÚBLICAS NO BRASIL E NO RIO GRANDE DO NORTE
MUS7022,APRECIAÇÃO MUSICAL
DPR0056,DIREITO INTERNACIONAL DO TRABALHO
DAT0238,PINTURA I
ISH0023,SEMINÁRIO TEMÁTICO II
MUS0900,BEM-ESTAR E DESENVOLVIMENTO PESSOAL
LEM1015,LITERATURA INFANTIL FRANCESA
DCS0404,TEORIA POLITICA III
IMD1306,GESTÃO DE PROJETOS E METODOLOGIAS ÁGEIS
DMP1141,ENTOMOLOGIA GERAL MÓDULO TEÓRICO
DMI0047,MEDICINA DE URGÊNCIA - TRAUMA CLÍNICO E CIRÚRGICO TEÓRICO
LET0616,"LITERATURA BRASILEIRA  REALISMO, NATURALISMO E PARNASIANISMO"
DPR0055,DIREITO E LEGISLAÇÃO SOCIAL
DEF0032,METODOLOGIA DA GINASTICA
ECT2102,VETORES E GEOMETRIA ANALÍTICA
DEH0056,SEMINARIO DE HISTORIA MODERNA E CONTEMPORANEA III
DBF0030,FUNDAMENTOS DA ACUPUNTURA
DCS0049,POLÍTICA LATINO-AMERICANA
ECT1507,RELAÇÕES DE GÊNERO EM CIÊNCIAS E TECNOLOGIA
ICE1041,ENDOCRINOLOGIA COMPORTAMENTAL
COM0280,OFICINA DE REDAÇÃO CRIATIVA
IMD0017,PRÁTICAS DE LEITURA E ESCRITA EM PORTUGUÊS I
DPP0099,ORGANIZAÇÕES SOCIAIS NA GESTÃO DE POLÍTICAS PÚBLICAS
CON0015,INTRODUÇÃO À AUDITORIA PÚBLICA E GOVERNAMENTAL
ART0112,PRÁTICAS VOCAIS II
HIS0004,HISTORIOGRAFIA BRASILEIRA
HIS0042,HISTORIA MEDIEVAL I
APS1001,FUNDAMENTOS DA ADMINISTRAÇÃO PÚBLICA
DTU2055,TURISMO DE EVENTOS
DAT0239,TEORIA DAS CORES
DAT0210,ILUSTRAÇÃO DIGITAL
FIL6701,ESTÉTICA FILOSÓFICA
MUS1001,PRATICA DE INSTRUMENTO HARMONICO I
LET0617,"LITERATURA BRASILEIRA  SIMBOLISMO, PRÉ-MODERNISMO, PRIMEIRA E SEGUNDA GERAÇÕES MODERNISTAS"
COM0224,COMUNICAÇÃO INTEGRADA
DGN0304,PROGRAMAÇÃO VISUAL E MÍDIAS INFORMÁTICAS I
PRO1301,ECONOMIA PARA ENGENHARIA DE PRODUÇÃO
COM0147,PRODUCAO EM VIDEO
CON4602,ORÇAMENTO PÚBLICO
HIS0059,"HISTÓRIA, MEMÓRIA, LITERATURA"
PSI0114,TÓPICOS EM PSICOLOGIA E EDUCAÇÃO I
COM0202,HISTÓRIA E TEORIAS DA COMUNICAÇÃO
DPP0077,AGENDA CONTEMPORÂNEA I
DPP0090,VIVÊNCIAS PÚBLICAS DE EXTENSÃO UNIVERSITÁRIA
LEM4054,CULTURA HISPÂNICA
DAT0221,IMAGEM E MÍDIAS I
SSO0143,QUESTÃO AGRÁRIA E URBANA NO BRASIL
HST3601,HISTÓRIA MODERNA II
HST3603,HISTÓRIA DO RIO GRANDE DO NORTE NA COLÔNIA E NO IMPÉRIO
COM0266,INTRODUÇÃO À FOTOGRAFIA
ART0271,METODOLOGIA DO TRABALHO CIENTÍFICO
DBQ0104,PROCESSOS BIOQUÍMICOS VITAIS
MOR0057,ANATOMIA PARA ENFERMAGEM
FPE0681,FUNDAMENTOS DA PSICOLOGIA EDUCACIONAL
ISH0014,HUMANIDADES E LITERATURA
DBG0071,BIOLOGIA E ECOLOGIA
DPU0064,DIREITO DIGITAL PÚBLICO
ECO0051,DIREITOS HUMANOS E AS DESIGUALDADES
DDP0015,DIREITO AMBIENTAL ALEMÃO
FPE2003,LÍNGUA BRASILEIRA DE SINAIS - LIBRAS
DBG0091,ÉTICA NA PESQUISA COM SERES HUMANOS
PRO1302,MATEMÁTICA FINANCEIRA
LEM2015,FORMAS POÉTICAS DE LÍNGUA INGLESA II
ADM0103,DESENVOLVIMENTO GERENCIAL E INTERPESSOAL
DDA0304,ESTATÍSTICA APLICADA À GESTÃO DE POLÍTICAS PÚBLICAS
DTU2023,GESTÃO PÚBLICA DO TURISMO
COM0228,COMUNICAÇÃO POLÍTICA
COM0260,ANÁLISE DO DISCURSO DA MÍDIA
DEF0111,METODOLOGIA DOS ESPORTES DE REDE E PAREDE
FPE2011,POLÍTICAS PÚBLICAS DA EDUCAÇÃO
HST4703,HISTÓRIA DO BRASIL REPÚBLICA I
HST3502,HISTÓRIA DO BRASIL COLÔNIA
FPE0684,POLÍTICAS PÚBLICAS E GESTÃO DA EDUCAÇÃO
MUS7011,ELABORAÇÃO DE PROJETOS CULTURAIS
ART0270,HISTÓRIA DA DANÇA NO BRASIL
FIL6611,HISTÓRIA DA FILOSOFIA III
SSO0134,TEORIA POLÍTICA E SERVIÇO SOCIAL
ISH0401,RELIGIÃO NO MUNDO HOJE
ISH0011,"VULNERABILIDADES SOCIAIS, CONFLITOS E VIOLÊNCIA"
APS1049,TEMAS EMERGENTES EM GESTÃO E POLÍTICAS PÚBLICAS
CIN0045,DIREITO E INFORMAÇÃO
MUS7045,CANTO CORAL I
LET0628,ESTUDOS COMPARADOS DE LITERATURAS DE LÍNGUA PORTUGUESA
ARQ0516,ESTETICA E HISTORIA DAS ARTES 01
ART0269,IMPROVISAÇÃO
LEM2036,TÓPICOS AVANÇADOS EM LITERATURA DA LÍNGUA INGLESA II
PSI7553,INFÂNCIA E ADOLESCÊNCIA NO CONTEXTO DA EDUCAÇÃO
HIS0074,O MUNDO BIZANTINO: HISTÓRIA E HISTORIOGRAFIA
MOR0086,EMBRIOLOGIA HUMANA PARA O CURSO DE NUTRIÇÃO
ECO0312,ECONOMIA PARA ADMINISTRACAO
DFS0055,EVOLUÇÃO DO COMPORTAMENTO HUMANO II
MOR0095,EMBRIOLOGIA APLICADA À FISIOTERAPIA
HST2203,HISTÓRIA ANTIGA II
HST2201,ARQUEOLOGIA PRÉ-HISTÓRICA
FIL6613,HISTÓRIA DA FILOSOFIA IV
IMD1301,EMPREENDEDORISMO E FORMAÇÃO EMPREENDEDORA
MOR0014,ANATOMIA HUMANA
APS1045,TÉCNICAS DE PESQUISA I  ESTUDOS QUALITATIVOS
ICE1052,NEUROCIÊNCIA DA VIDA
APS1043,INDICADORES NA ADMINISTRAÇÃO PÚBLICA
PEC0201,PERSPECTIVAS DECOLONIAIS PARA O ENSINO DE CIÊNCIAS
COM0271,METODOLOGIA E PESQUISA EM COMUNICAÇÃO
PSI0146,FEMINISMOS E PSICOLOGIA
LEM1026,LITERATURA AFRICANA DE LÍNGUA INGLESA
MUS7083,PRÁTICA DE INSTRUMENTO HARMÔNICO  PIANO I
DPU0066,DIREITO DO PATRIMÔNIO CULTURAL
MOR0069,EMBRIOLOGIA E HISTOLOGIA PARA O ENSINO DE CIENCIAS E BIOLOGIA
PSI0089,PSICOLOGIA APLICADA AO TURISMO
ADM0064,COMPORTAMENTO ORGANIZACIONAL
HIS0101,"HISTÓRIA, CATOLICISMO E POLÍTICA NO BRASIL REPUBLICANO"
LEM2055,LITERATURA IRLANDESA
HST1102,HISTORIOGRAFIA BRASILEIRA
MUS7004,MÚSICA POPULAR BRASILEIRA SÉCS XX/XXI
DIM0123,PENSAMENTO COMPUTACIONAL
LET0629,LITERATURA AFRICANA EM LÍNGUA PORTUGUESA - ANGOLA
FIL6103,LOGICA
FIL6928,FILOSOFIA NO BRASIL
FIL6933,TÓPICOS ESPECIAIS DE ÉTICA IV
SSO0120,"FORMAÇÃO SOCIAL, ECONÔMICA E POLÍTICA DO BRASIL E DO NORDESTE"
ISH0602,"HISTÓRIA, CULTURA E RELAÇÕES ÉTNICO-RACIAIS NO BRASIL"
APS1058,COMUNICAÇÃO E EXPRESSÃO PARA GESTORES PÚBLICOS
ISH0302,CIVILIZAÇÃO E DESAFIOS DOS PROBLEMAS GLOBAIS
SSO0132,SEMINÁRIO TEMÁTICO SOBRE FAMÍLIAS NA CONTEMPORANEIDADE
ART0200,JOGO E CENA I
MUS7101,PRÁTICA DE BANDA DE METAIS E PERCUSSÃO I
FIL6030,FUNDAMENTOS DE FILOSOFIA
DEF0077,CAPOEIRA
CIN3004,FONTES DE INFORMAÇÃO
DDP0157,DIREITO DA ENERGIA
COM0208,COMUNICAÇÃO E ARTES VISUAIS
LET0594,SINTAXE DA LÍNGUA PORTUGUESA: PERSPECTIVA TRADICIONAL
FPE2012,FUNDAMENTOS DA HISTÓRIA E DA FILOSOFIA DA EDUCAÇÃO
DPP0108,GESTÃO E INSTITUIÇÕES SOCIAIS
HST4901,HISTÓRIA CONTEMPORÂNEA II
FIL6031,TEORIAS DA JUSTIÇA
NUT1055,TÓPICOS EM POLÍTICAS PÚBLICAS DE ALIMENTAÇÃO
PSI7041,INTRODUÇÃO AOS PROCESSOS DE AVALIAÇÃO PSICOLÓGICA
ISH0301,ESTUDOS PÓS-COLONIAIS
APS1015,"FILOSOFIA, ÉTICA E CIDADANIA"
APS1020,FINANÇAS PÚBLICAS
APS1021,DIVERSIDADE E DESIGUALDADES
IMD1305,GESTÃO E INOVAÇÃO E ATRAÇÃO DE CAPITAL
LET0904,LÍNGUA BRASILEIRA DE SINAIS- LIBRAS
ECO1206,HISTÓRIA ECONÔMICA GERAL I
DIM0320,ALGORITMO E PROGRAMACAO DE COMPUTADORES
DEQ0032,METODOLOGIA CIENTÍFICA
DPU0068,DIREITO CLIMÁTICO
DEB0706,BIOSSEGURANÇA E BIOÉTICA
ECO2110,TEORIA DOS JOGOS
CIN2001,INTRODUÇÃO A REPRESENTAÇÃO DA INFORMAÇÃO
ADM0561,COMERCIALIZACAO E MARKETING
ICE1035,INTRODUÇÃO AO MÉTODO CIENTÍFICO
DTU1121,TURISMO E CINEMA
COM0206,HISTÓRIA E LEGISLAÇÃO DO JORNALISMO
FPE0682,ORGANIZAÇÃO DA EDUCAÇÃO BRASILEIRA
HST4902,HISTÓRIA DA AMÉRICA CONTEMPORÂNEA
MUS7039,HISTÓRIA DA MÚSICA BRASILEIRA SÉCS XVIII-XIX
ISH0010,TEORIA DO RECONHECIMENTO E DIREITOS HUMANOS
APS1017,ELEMENTOS DE DIREITO CONSTITUCIONAL E ADMINISTRATIVO
PSI0145,"PSICOLOGIA, GÊNERO E SEXUALIDADE"
COM0064,"COMUNICAÇÃO, MÍDIAS E DIREITOS HUMANOS"
COM0065,ANÁLISE E CRÍTICA DO CINEMA
MUS7084,PRÁTICA DE INSTRUMENTO HARMÔNICO  PIANO II
MUS7072,PRÁTICA INSTRUMENTAL I (VIOLÃO POPULAR)
DEF0206,SOCORROS DE URGENCIA
DDP0061,GEOPOLÍTICA E TRANSIÇÃO ENERGÉTICA
DDP0070,JUSTIÇA RESTAURATIVA
DDP0071,CRIMINOLOGIA E VITIMOLOGIA
DPU0077,JUSTIÇA RESTAURATIVA E ANÁLISE JURÍDICA INTEGRAL
DEH0050,SEMINARIO DE HISTORIA DO BRASIL I
PSI7070,PERSPECTIVAS DOS PROCESSOS SAÚDE-DOENÇA
DAN0114,CULTURA POPULAR
ICE1043,GENÉTICA DO COMPORTAMENTO ANIMAL
SSO0122,TRABALHO E SOCIABILIDADE
PEC1034,"HISTÓRIA E CULTURA INDÍGENA, AFRICANA E AFRO-BRASILEIRA"
DOL0102,FUNDAMENTOS DE OCEANOGRAFIA E BIOLOGIA MARINHA PARA LICENCIATURA
DAT0212,HISTÓRIA DA ARTE I
HST1402,HISTÓRIA DA ÁFRICA
DPR0057,DIREITOS HUMANOS DO TRABALHO
SSO0135,CAPITALISMO E QUESTÃO SOCIAL
ISH0024,SEMINÁRIO TEMÁTICO III
FIL6530,ANTROPOLOGIA FILOSÓFICA
MAT1503,GEOMETRIA ANALÍTICA E VETORIAL
ART0103,INTRODUÇÃO À PALHAÇARIA
DDP0020,TEORIA DAS RELAÇÕES INTERNACIONAIS
DDP0021,ESTADO E CONSTITUCIONALISMO CONTEMPORÂNEO
DDP0022,POLÍTICA AMBIENTAL GLOBAL
CIV0429,SEGURANÇA DO TRABALHO
